{
    "rmse": 0.548481265742601,
    "mae": 0.40584788837197733,
    "r2": 0.5334812520543065
}