{
    "rmse": 0.7064976233450802,
    "mae": 0.5484997317681863,
    "r2": 0.25141330764913705
}